v1,v2,v3,v4,y
0,1,0,0,0
1,1,0,0,0
0,0,0,0,0
0,1,0,0,0
0,0,1,1,0
1,0,1,1,0
0,0,1,0,0
0,0,0,1,0
1,1,1,1,1
1,1,1,0,0
1,1,1,0,0
1,0,1,1,0
1,1,0,1,0
1,0,0,0,0
0,1,0,1,0
0,0,0,0,0
1,0,1,0,0
1,0,0,1,0
0,1,0,1,0
1,1,1,0,0
1,0,1,0,0
0,1,0,0,0
0,1,0,0,0
0,0,0,1,0
0,1,0,0,0
0,0,1,0,0
0,0,1,0,0
0,0,0,1,0
0,0,0,1,0
0,1,1,0,0
0,1,0,0,1
1,0,1,1,0
0,0,0,0,0
0,1,0,0,0
0,1,1,1,0
0,1,0,0,0
0,0,0,0,0
0,1,1,1,0
1,1,0,0,0
1,1,0,1,0
0,1,0,1,0
0,0,1,1,0
0,0,0,0,0
0,1,0,0,0
1,0,1,1,0
1,1,0,1,0
1,0,0,1,0
1,1,1,0,0
0,0,1,0,0
0,0,0,0,0
0,1,1,0,1
0,1,1,0,1
1,0,0,0,0
0,0,1,1,0
0,0,1,0,0
1,0,1,1,0
1,0,0,1,0
1,0,1,0,0
1,1,0,0,0
1,0,0,0,0
1,0,0,1,0
0,0,0,1,0
0,1,0,0,0
0,1,0,0,0
1,0,0,1,1
0,0,0,0,0
1,0,1,0,0
1,0,0,0,0
1,0,1,0,0
1,1,0,1,0
1,1,0,1,0
1,0,0,0,0
0,1,0,1,0
1,0,1,1,0
0,1,1,0,1
1,0,0,1,0
0,0,0,1,1
1,1,1,1,0
0,1,0,0,0
0,1,1,0,1
1,1,1,0,0
1,0,1,1,0
1,1,0,0,0
0,0,1,0,0
1,1,1,0,0
1,1,1,1,1
0,1,0,1,0
0,0,1,0,0
1,1,1,0,0
1,0,0,1,0
0,1,0,1,0
0,0,1,1,0
0,1,1,1,1
0,0,1,0,1
1,0,1,0,1
0,0,1,1,0
0,0,1,1,0
0,1,0,0,0
1,1,0,1,0
1,0,0,1,0
1,1,1,0,1
0,1,1,0,0
1,1,0,1,0
1,0,1,0,0
1,0,0,0,0
0,1,1,0,0
0,1,1,1,0
1,0,1,0,0
0,0,0,0,0
1,1,0,1,0
1,0,1,1,0
1,0,0,1,0
0,0,1,1,0
1,1,1,1,0
0,0,1,0,1
0,0,0,0,0
1,0,1,0,0
0,0,1,0,0
0,0,0,1,0
1,0,0,1,0
1,1,1,1,0
1,1,1,0,0
0,0,0,1,1
0,1,0,1,0
0,1,0,1,0
0,1,0,1,1
0,1,0,0,0
1,0,0,0,1
0,1,0,0,0
0,0,1,0,0
1,0,1,0,0
0,0,1,1,0
1,0,1,1,0
1,0,1,0,1
0,0,0,1,1
1,0,0,0,0
1,1,0,0,0
1,0,0,0,0
1,1,0,0,0
0,1,1,0,0
1,0,1,0,1
0,0,1,0,0
1,0,0,1,0
1,1,0,1,0
0,0,1,1,0
1,0,1,1,1
0,0,1,0,0
1,0,0,0,0
1,0,1,1,1
0,1,0,0,1
0,0,1,0,1
1,0,0,0,0
0,0,0,0,0
0,0,1,1,0
1,1,1,0,1
1,0,1,1,1
0,1,0,1,0
1,1,1,1,0
1,0,0,1,0
1,1,0,0,0
1,0,1,0,0
0,1,1,1,1
1,1,0,0,0
1,1,1,0,0
0,0,0,1,0
0,0,1,1,0
1,1,1,0,1
1,1,1,1,0
1,1,1,1,0
0,0,1,0,0
1,1,1,1,1
0,0,0,0,0
1,1,0,0,0
0,0,0,1,1
1,0,1,0,1
0,0,1,1,1
0,1,0,0,1
0,0,1,1,1
1,0,0,1,0
0,1,1,0,0
1,1,0,1,1
0,1,0,1,0
1,0,0,0,0
0,1,1,0,0
1,1,1,1,1
1,0,0,0,0
1,1,1,1,0
0,0,1,1,1
0,1,0,0,1
1,0,0,1,0
0,0,1,1,1
0,0,0,0,0
0,1,1,1,1
0,1,1,0,1
0,1,1,0,0
0,0,1,0,1
0,0,0,1,1
1,0,1,0,1
0,1,1,1,1
1,0,1,0,1
0,1,0,0,1
1,0,0,1,0
0,1,1,1,1
1,1,1,0,0
0,0,1,0,0
1,0,1,0,0
1,0,0,1,1
1,1,1,0,1
1,1,0,1,0
1,0,1,1,1
1,0,0,0,0
0,0,0,0,0
0,0,0,1,1
1,0,0,0,0
0,0,1,0,0
0,0,0,0,0
1,0,0,1,1
1,0,0,0,1
0,0,0,0,0
0,1,0,0,1
1,0,1,0,1
1,1,0,1,0
0,1,0,0,1
0,0,1,1,0
1,1,1,0,0
1,0,1,0,1
0,1,1,1,0
1,1,1,0,1
0,0,0,1,0
0,1,0,1,1
0,0,1,0,0
0,1,0,1,0
1,1,0,0,0
1,0,0,0,0
1,0,0,0,1
1,0,1,0,1
0,1,1,0,1
1,1,1,0,0
1,1,0,0,1
1,1,1,0,1
1,1,1,0,0
0,0,1,0,1
0,0,0,1,1
0,1,0,0,0
0,1,0,1,1
1,0,0,1,1
0,0,0,0,0
1,0,0,1,0
1,1,0,0,0
0,0,1,1,0
1,1,0,0,0
1,0,0,1,1
1,1,0,1,1
0,1,1,0,1
1,1,0,1,0
0,0,1,1,1
1,1,0,0,1
0,1,0,0,1
1,0,1,1,0
1,0,1,0,1
0,0,1,1,1
0,0,1,1,1
1,1,0,0,0
0,0,1,1,1
1,0,0,0,0
1,1,0,0,0
1,1,0,0,0
1,0,1,1,1
1,1,0,0,0
1,0,1,1,1
1,1,1,1,0
1,0,1,0,1
0,1,0,1,1
0,0,1,0,0
0,0,1,1,1
1,1,1,0,0
1,1,1,1,0
1,1,1,1,0
1,1,0,0,0
0,1,1,1,1
0,0,0,0,0
0,1,0,0,1
1,1,1,1,1
0,1,1,1,0
1,0,0,1,0
0,0,0,0,0
0,1,0,0,1
0,0,1,0,0
1,1,1,0,0
0,1,0,1,1
0,1,1,1,1
0,0,0,0,1
0,0,0,0,0
0,1,1,0,0
1,1,1,0,0
0,1,0,0,1
0,0,0,0,0
0,0,1,1,0
1,1,1,0,1
0,0,0,0,0
1,0,0,1,1
1,1,0,0,0
0,1,1,1,1
0,0,1,0,1
0,1,1,0,1
1,0,0,1,0
0,0,0,0,0
0,1,0,1,0
1,0,1,0,1
1,0,1,0,0
1,0,0,1,0
1,1,0,1,0
1,0,0,1,1
0,1,1,0,1
0,0,0,1,1
1,1,1,0,1
1,0,0,0,0
1,1,0,0,0
1,0,1,0,0
1,1,1,0,1
0,1,1,1,1
1,1,0,0,0
0,1,0,1,1
1,0,0,0,0
1,1,1,0,1
0,0,1,1,1
0,1,1,0,1
1,0,0,0,0
1,0,0,0,0
0,0,1,0,0
1,1,0,1,0
0,0,1,1,1
1,1,1,0,0
0,0,0,1,1
0,1,0,0,1
0,0,0,1,1
0,1,1,1,1
0,0,0,1,1
0,0,1,0,0
0,0,1,0,0
1,0,1,0,0
1,1,1,1,1
0,1,1,0,0
1,1,1,1,1
0,1,0,1,1
1,0,1,1,1
0,0,0,1,1
1,0,0,0,1
1,0,0,0,0
0,1,0,1,1
1,0,0,1,0
1,0,0,1,0
1,1,1,0,1
1,1,1,0,0
0,1,0,1,1
1,1,1,0,0
1,1,0,1,0
0,0,1,0,0
1,0,0,1,0
1,0,0,1,1
0,0,1,0,0
0,0,1,0,0
0,0,0,0,0
0,0,0,0,0
1,0,1,0,0
1,1,0,0,1
0,0,0,0,0
1,1,1,1,0
0,0,0,1,1
1,1,0,1,0
1,0,1,0,0
1,1,1,0,1
1,1,0,0,0
0,1,1,1,1
0,1,0,1,1
1,1,0,1,0
0,1,1,0,1
0,1,1,0,1
1,0,1,0,0
1,0,1,1,0
0,0,1,1,0
1,0,1,0,1
0,1,1,0,1
1,0,1,0,1
1,0,0,0,1
0,0,1,0,0
0,0,1,0,0
0,0,0,0,0
1,0,0,0,0
1,0,0,0,1
1,1,0,0,1
1,1,1,0,1
0,0,1,1,1
0,1,0,1,0
1,0,1,0,1
0,0,0,0,0
0,1,0,1,1
1,1,0,1,1
1,1,1,1,0
0,1,1,1,1
0,1,1,0,0
1,1,1,0,1
0,1,0,0,1
0,1,1,0,1
1,1,0,0,0
0,1,0,1,0
0,0,1,0,0
0,0,0,1,1
0,0,1,1,1
0,1,1,1,1
1,0,0,0,0
1,1,1,1,1
1,0,0,1,1
0,0,1,1,1
0,1,0,0,0
0,0,0,0,1
0,0,1,0,0
0,1,0,0,0
0,0,0,1,1
1,1,0,0,0
1,1,1,0,1
0,1,1,1,1
0,1,0,1,1
1,1,0,0,0
0,1,0,1,1
1,1,0,0,0
0,1,0,0,0
1,0,1,1,1
1,1,1,1,0
1,1,0,0,0
1,1,0,1,0
0,0,1,1,1
1,0,1,1,1
1,0,0,1,1
1,1,0,0,0
1,0,1,0,0
0,1,1,1,0
1,0,0,0,0
1,0,0,1,0
0,0,1,0,1
0,0,0,1,1
0,1,0,0,1
0,1,0,1,1
1,1,1,1,0
0,1,0,1,0
1,1,1,0,1
1,0,1,1,1
1,0,0,1,1
0,0,1,1,1
1,0,1,1,0
1,1,1,1,0
0,1,1,1,0
0,0,1,1,1
1,1,0,0,1
1,0,0,1,0
0,1,0,0,1
0,1,1,0,0
0,1,0,0,0
0,1,0,1,0
1,1,1,1,1
1,1,1,1,1
1,1,1,1,1
1,0,0,0,0
1,1,1,0,0
0,1,1,0,0
1,1,0,1,0
0,1,0,0,1
0,0,1,0,1
1,0,0,1,1
1,0,0,1,0
0,0,0,1,1
0,1,0,1,0
0,1,0,0,1
1,0,1,1,1
0,0,0,1,1
1,0,1,0,1
0,0,0,0,0
0,0,1,0,1
0,1,1,1,0
0,0,0,1,1
1,1,0,1,0
0,0,1,0,0
1,1,0,1,0
1,1,0,0,1
0,0,1,1,1
1,1,1,1,0
1,0,1,1,0
1,1,0,0,0
0,0,1,1,1
1,1,1,0,0
1,1,0,0,0
0,0,0,0,0
1,1,1,1,1
1,0,1,0,0
1,0,0,1,1
1,1,0,1,1
0,0,0,0,0
1,0,0,1,0
1,1,0,0,0
1,0,1,0,0
1,1,1,1,0
1,0,0,1,1
0,1,1,1,1
1,0,1,1,0
1,0,0,1,1
1,0,0,1,0
0,1,0,1,1
0,1,0,0,1
1,1,1,0,1
1,0,1,0,1
1,0,0,0,0
1,1,1,0,0
0,0,0,0,0
0,0,1,0,0
1,0,0,0,1
1,1,1,0,1
0,1,1,0,1
0,0,0,1,1
0,0,0,0,0
0,0,1,1,1
0,0,0,0,0
0,1,1,0,1
0,0,1,1,1
1,0,0,1,1
1,1,1,0,1
1,1,1,1,1
1,1,1,0,1
0,0,1,0,0
0,1,0,0,1
0,0,1,1,1
0,0,1,1,1
0,1,0,1,0
0,0,1,1,1
0,1,1,1,1
1,1,1,1,1
0,1,0,1,1
0,0,0,0,0
1,0,1,0,1
1,1,1,1,1
1,1,1,1,0
1,1,1,1,0
0,0,1,1,1
0,0,0,1,1
0,0,0,1,0
0,0,0,1,0
1,1,1,1,1
0,1,0,1,1
0,1,1,1,1
0,1,0,1,0
0,1,1,1,0
1,1,1,1,0
0,1,1,1,1
1,0,0,1,0
0,1,0,0,1
1,0,0,1,1
1,0,1,0,1
0,1,0,1,1
0,0,1,1,1
0,1,1,1,1
1,0,1,1,1
0,0,1,1,1
1,1,0,0,0
1,1,0,0,0
1,0,0,1,0
0,0,1,1,1
1,1,1,1,0
1,1,1,1,1
0,1,0,1,0
1,0,1,1,1
1,0,0,0,0
1,1,1,0,1
1,0,1,1,1
0,1,0,0,1
1,0,1,1,1
1,0,0,1,0
0,0,1,1,1
1,1,0,0,0
0,0,0,1,0
1,1,1,0,1
0,0,1,0,1
1,1,0,0,1
1,0,1,1,0
1,0,1,1,0
1,0,0,1,1
0,1,0,0,0
0,1,1,0,1
1,1,0,0,0
0,0,1,0,0
1,0,1,0,0
0,1,1,1,0
1,1,1,1,0
0,0,0,1,1
0,1,1,1,1
0,0,1,1,1
0,0,0,0,0
0,1,1,0,0
1,0,1,1,0
0,1,1,1,1
1,1,0,0,1
1,1,1,1,1
1,1,0,0,0
1,0,0,1,0
0,1,0,0,1
1,1,0,1,0
0,0,0,0,0
0,0,0,0,0
1,0,1,0,1
1,1,0,1,0
1,0,0,0,1
0,1,0,0,1
0,1,1,0,1
1,1,1,1,1
1,1,0,1,0
0,0,1,0,0
1,1,0,0,0
1,0,1,0,0
0,0,0,1,1
1,0,0,1,0
1,1,0,1,0
1,0,0,0,1
1,0,1,1,1
1,1,1,1,0
1,0,1,0,1
1,0,0,0,0
0,0,1,0,0
0,0,0,0,0
0,1,0,0,0
1,1,0,1,0
0,0,1,1,1
1,0,1,1,0
1,1,0,0,1
0,1,1,1,1
0,0,1,0,0
1,0,1,0,1
0,0,1,1,1
0,1,0,0,1
0,0,1,1,1
1,0,0,1,0
1,1,1,1,1
0,1,1,1,1
1,0,0,1,0
1,0,0,1,1
1,1,1,1,1
1,1,0,1,0
0,1,1,0,1
0,1,0,0,0
0,1,0,1,1
1,0,1,0,1
0,1,1,1,1
1,1,1,0,1
0,0,1,1,1
1,0,1,0,0
0,1,1,1,0
0,0,0,0,1
1,0,0,0,0
1,1,1,0,0
1,1,0,0,1
0,1,1,1,1
1,0,1,0,1
0,0,0,0,0
1,1,1,1,0
1,1,0,0,0
1,1,0,0,0
0,0,1,0,1
1,1,0,1,1
0,1,1,0,1
1,1,1,0,0
0,0,0,0,1
1,0,0,1,0
1,0,1,0,1
1,1,1,0,1
0,1,1,1,0
1,1,0,0,0
0,0,0,1,1
0,1,0,1,1
1,0,0,0,1
0,0,1,0,0
1,0,0,1,0
0,1,1,0,1
1,1,0,1,0
0,1,0,1,0
0,1,0,0,0
1,1,1,1,0
0,1,1,1,1
1,1,0,1,0
0,1,1,0,1
1,1,0,0,0
1,0,0,1,0
1,0,0,0,1
1,0,0,0,0
0,0,1,0,0
0,0,0,0,1
0,0,0,0,0
0,0,1,0,0
1,0,1,0,1
0,1,1,0,1
0,1,1,0,1
0,0,0,1,1
1,0,0,0,0
0,0,1,0,0
1,0,1,0,0
1,1,1,1,0
1,0,0,1,0
0,0,1,1,0
1,0,0,1,1
0,0,0,0,0
1,0,0,1,1
0,0,1,1,1
0,0,1,0,1
1,1,1,1,1
1,1,1,0,1
0,0,0,0,0
1,0,0,1,0
1,1,1,0,1
0,0,1,1,1
1,1,0,1,0
0,1,0,1,0
0,1,1,0,1
1,0,1,1,0
0,1,1,0,1
1,0,1,0,1
1,1,0,0,0
0,1,1,1,1
0,0,1,1,1
0,0,0,0,1
0,0,1,1,1
1,1,0,1,0
1,1,1,1,1
0,0,0,0,0
1,0,1,1,0
1,1,1,1,1
0,1,0,0,1
1,0,1,1,0
1,1,1,0,1
0,0,1,1,1
0,0,0,1,1
1,0,0,0,1
0,0,1,1,1
1,1,1,0,1
1,1,1,1,0
0,1,1,1,1
1,1,0,0,0
1,0,1,0,1
0,1,1,1,1
1,1,0,1,1
0,1,1,0,1
0,1,0,1,1
1,0,0,1,0
0,1,1,0,1
0,1,0,1,1
1,0,1,0,0
0,1,1,0,1
0,1,0,0,1
1,0,0,0,0
0,0,0,0,1
0,1,1,1,1
0,0,1,0,0
0,0,0,0,1
1,0,1,0,1
0,1,1,1,1
1,0,0,0,0
1,0,1,0,1
0,1,1,0,1
0,1,1,0,1
0,1,1,0,1
1,1,1,1,0
0,1,1,0,1
1,1,0,1,0
0,1,0,1,1
1,1,1,0,1
0,0,1,1,1
1,1,1,0,1
0,1,1,0,1
0,1,0,1,1
1,0,1,1,1
0,0,1,0,0
1,1,0,1,0
1,0,1,1,1
1,0,0,0,0
1,0,0,0,0
1,1,1,1,0
0,0,0,0,0
0,0,1,0,0
1,0,1,0,1
1,0,0,0,0
0,0,1,0,0
0,0,0,1,1
0,1,1,0,1
1,1,0,1,1
0,1,0,0,1
0,1,0,1,1
1,0,0,0,1
0,0,1,0,0
0,0,1,1,1
0,0,0,0,0
1,1,1,1,0
0,0,0,0,0
0,0,1,0,0
1,1,0,1,1
1,0,1,0,0
0,0,1,1,1
1,1,1,0,1
1,1,1,1,1
0,1,1,0,1
1,0,1,0,0
0,0,1,0,0
1,1,1,1,1
1,1,0,0,1
0,1,1,1,1
0,0,1,1,1
1,0,1,1,1
0,1,0,0,1
0,0,1,1,1
0,0,0,0,0
0,0,0,0,0
1,0,1,1,0
1,0,0,1,0
1,0,0,0,0
0,0,1,1,1
0,0,1,0,1
1,0,1,0,0
1,0,1,1,0
1,0,0,1,0
1,1,0,0,0
0,1,1,1,1
0,0,0,1,1
1,1,1,0,1
1,0,1,0,1
1,1,1,0,0
1,1,0,0,1
1,0,0,0,0
0,0,1,1,1
0,1,0,1,1
0,1,1,1,1
1,0,1,0,0
0,1,1,1,1
1,0,1,0,0
0,0,1,0,0
1,1,0,0,1
0,1,1,1,0
1,0,0,0,0
0,1,0,0,1
0,1,0,1,0
1,1,0,1,0
0,0,0,1,1
1,0,1,0,1
1,0,0,1,1
1,1,1,0,1
1,0,1,0,0
0,0,0,0,0
0,1,0,0,1
0,1,1,1,1
1,0,1,0,0
0,0,1,1,1
1,1,1,1,0
1,1,0,0,0
1,1,0,1,1
0,1,1,1,1
1,1,1,1,0
0,0,1,0,0
1,0,0,1,0
1,1,1,0,0
1,1,1,0,0
0,0,1,0,0
0,1,0,0,1
0,0,1,1,1
1,1,1,1,1
0,0,0,1,0
1,0,0,1,0
0,0,1,0,0
0,0,1,0,0
0,1,0,0,1
1,0,1,0,0
1,1,1,1,0
0,0,1,0,0
0,0,1,1,1
1,1,1,1,0
0,0,1,0,0
1,0,1,0,1
0,0,1,1,1
1,1,1,1,0
0,0,1,0,0
0,1,1,0,1
0,0,1,1,1
0,0,1,1,1
1,1,0,0,0
1,0,1,0,0
0,0,0,0,1
0,0,0,1,0
1,0,0,1,0
1,0,0,0,0
1,1,1,1,1
0,0,1,0,0
1,0,1,0,1
0,0,0,1,0
1,1,1,0,0
0,0,0,1,1
1,1,0,1,1
1,0,1,0,1
0,1,0,0,1
0,0,0,0,1
1,0,0,1,0
0,0,1,1,1
1,0,1,1,0
1,0,1,0,1
1,0,0,0,0
0,1,0,0,1
1,0,0,1,1
0,0,1,0,0
0,1,1,0,1
1,0,0,1,0
0,1,0,0,1
0,1,1,0,1
0,1,0,0,1
0,1,0,1,1
0,1,1,1,1
1,1,0,1,0
1,0,0,0,1
1,0,1,1,0
0,0,1,1,1
1,1,1,0,0
0,1,1,0,0
1,0,0,0,1
1,1,0,1,0
0,0,1,0,0
0,0,1,1,1
1,1,0,1,0
1,1,0,0,0
1,0,0,1,0
1,1,0,1,0
1,0,0,1,0
1,0,0,1,0
1,1,1,1,1
0,1,0,1,1
1,0,0,1,0
0,0,0,0,1
1,1,0,1,0
1,1,0,1,0
1,0,1,1,0
0,1,1,0,0
0,0,0,1,1
0,1,1,0,1
1,0,0,0,1
1,1,1,0,1
0,0,0,0,0
0,1,1,1,1
1,0,0,0,1
1,1,1,1,1
0,0,0,0,0
0,0,1,1,1
1,0,0,0,0
0,1,1,0,0
0,0,0,1,1
0,0,0,0,0
0,0,0,0,0
1,1,1,1,0
1,0,0,0,0
0,1,0,1,1
0,0,1,1,1
1,0,1,0,1
1,1,0,0,0
1,0,0,1,1
0,0,0,0,0
1,1,1,0,1
0,0,1,0,0
0,1,0,0,1
0,1,1,0,1
1,0,0,0,0
0,0,0,1,1
1,0,1,0,1
1,1,0,1,1
1,0,0,1,0
0,0,0,1,1
1,1,1,0,1
0,0,1,0,1
1,0,0,0,1
1,0,1,1,1
1,1,0,1,0
1,0,1,0,1
0,1,0,1,1
0,0,0,1,1
1,1,1,0,1
1,0,0,1,0
1,1,1,0,1
0,0,0,0,1
0,0,1,0,0
1,1,1,1,1
0,0,0,0,0
1,0,1,0,0
0,1,0,1,1
0,0,0,1,1
0,1,0,1,0
0,0,1,0,0
1,1,0,1,0
0,0,0,1,0
1,0,1,1,1
0,0,1,0,0
1,1,1,1,1
1,0,1,1,1
1,1,1,1,1
